{
    "loglinear": {
        "20newsgroups": {
            "train": {
                "accuracy": 0.9286724412232632,
                "macro_f1": 0.9289486777721836,
                "micro_f1": 0.9286724412232632
            },
            "test": {
                "accuracy": 0.6691449814126395,
                "macro_f1": 0.651524687952276,
                "micro_f1": 0.6691449814126395
            }
        },
        "HoC": {
            "train": {
                "accuracy": 0.6244444444444445,
                "macro_f1": 0.41634092799244105,
                "micro_f1": 0.6244444444444445
            },
            "test": {
                "accuracy": 0.42857142857142855,
                "macro_f1": 0.15202845359289707,
                "micro_f1": 0.42857142857142855
            }
        }
    },
    "bert": {
        "20newsgroups": {
            "train": {
                "accuracy": 0.9730422485416298,
                "macro_f1": 0.9751558109939273,
                "micro_f1": 0.9730422485416298
            },
            "test": {
                "accuracy": 0.7052575677110993,
                "macro_f1": 0.6967869015079642,
                "micro_f1": 0.7052575677110993
            }
        },
        "HoC": {
            "train": {
                "accuracy": 0.9474074074074074,
                "macro_f1": 0.9181456757473966,
                "micro_f1": 0.9474074074074074
            },
            "test": {
                "accuracy": 0.7595238095238095,
                "macro_f1": 0.7020405816350982,
                "micro_f1": 0.7595238095238096
            }
        }
    }
}